Dimensão;Critério;Item;Resposta avaliação;Links
Informações Prioritárias;1.1 Possui sítio oficial próprio na internet?;Disponibilidade;Atende;https://cmchaves.pa.gov.br/
Informações Prioritárias;1.2 Possui portal da transparência próprio ou compartilhado na internet?;Disponibilidade;Atende;https://cmchaves.pa.gov.br/transparencia
Informações Prioritárias;1.3 O acesso ao portal transparência está visível na capa do site?;Disponibilidade;Atende;https://cmchaves.pa.gov.br/
Informações Prioritárias;1.4 O site e o portal de transparência contêm ferramenta de pesquisa de conteúdo que permita o acesso à informação?;Disponibilidade;Atende;https://cmchaves.pa.gov.br/
Informações Institucionais;2.1 Divulga a sua estrutura organizacional e a norma que a institui/altera?;Disponibilidade;Atende;https://cmchaves.pa.gov.br/institucional/sobre
Informações Institucionais;2.2 Divulga competências e/ou atribuições?;Disponibilidade;Atende;https://cmchaves.pa.gov.br/institucional/sobre
Informações Institucionais;2.3 Identifica o nome dos atuais responsáveis pela gestão do Poder/Órgão?;Disponibilidade;Atende;https://cmchaves.pa.gov.br/institucional/sobre
Informações Institucionais;2.4 Divulga os endereços e telefones atuais do Poder ou órgão e e-mails institucionais?;Disponibilidade;Atende;https://cmchaves.pa.gov.br/institucional/sobre
Informações Institucionais;2.5 Divulga o horário de atendimento?;Disponibilidade;Atende;https://cmchaves.pa.gov.br/institucional/sobre
Informações Institucionais;2.6 Divulga os atos normativos próprios?;Disponibilidade;Atende;https://cmchaves.pa.gov.br/transparencia/atos
Informações Institucionais;2.6 Divulga os atos normativos próprios?;Atualidade;Atende;
Informações Institucionais;2.6 Divulga os atos normativos próprios?;Série Histórica;Atende;
Informações Institucionais;2.6 Divulga os atos normativos próprios?;Filtros de Pesquisa;Atende;
Informações Institucionais;2.7 Divulga as perguntas e respostas mais frequentes relacionadas às atividades desenvolvidas pelo Poder/Órgão?;Disponibilidade;Atende;https://cmchaves.pa.gov.br/participacao#sugestoes
Informações Institucionais;2.8 Participa em redes sociais e apresenta, no seu sítio institucional, link de acesso ao seu perfil?;Disponibilidade;Atende;https://cmchaves.pa.gov.br/
Informações Institucionais;2.9 Inclui botão do Radar da Transparência Pública no site institucional ou portal transparência?;Disponibilidade;Atende;https://cmchaves.pa.gov.br/transparencia
Receita;3.1 Divulga as receitas do Poder ou órgão, evidenciando sua previsão e realização?;Disponibilidade;Atende;https://www.governotransparente.com.br/periodo/44169588?clean=false
Receita;3.1 Divulga as receitas do Poder ou órgão, evidenciando sua previsão e realização?;Atualidade;Atende;
Receita;3.1 Divulga as receitas do Poder ou órgão, evidenciando sua previsão e realização?;Série Histórica;Atende;
Receita;3.1 Divulga as receitas do Poder ou órgão, evidenciando sua previsão e realização?;Gravação de Relatórios;Atende;
Receita;3.1 Divulga as receitas do Poder ou órgão, evidenciando sua previsão e realização?;Filtros de Pesquisa;Atende;
Despesa;4.1 Divulga o total das despesas empenhadas, liquidadas e pagas?;Disponibilidade;Atende;https://cmchaves.pa.gov.br/transparencia
Despesa;4.1 Divulga o total das despesas empenhadas, liquidadas e pagas?;Atualidade;Atende;
Despesa;4.1 Divulga o total das despesas empenhadas, liquidadas e pagas?;Série Histórica;Atende;
Despesa;4.1 Divulga o total das despesas empenhadas, liquidadas e pagas?;Gravação de Relatórios;Atende;
Despesa;4.1 Divulga o total das despesas empenhadas, liquidadas e pagas?;Filtros de Pesquisa;Atende;
Despesa;4.2 Divulga as despesas por classificação orçamentária?;Disponibilidade;Atende;https://cmchaves.pa.gov.br/transparencia
Despesa;4.2 Divulga as despesas por classificação orçamentária?;Atualidade;Atende;
Despesa;4.2 Divulga as despesas por classificação orçamentária?;Série Histórica;Atende;
Despesa;4.2 Divulga as despesas por classificação orçamentária?;Gravação de Relatórios;Atende;
Despesa;4.2 Divulga as despesas por classificação orçamentária?;Filtros de Pesquisa;Atende;
Despesa;4.3 Possibilita a consulta de empenhos com os detalhes do beneficiário do pagamento ou credor, o valor, o bem fornecido ou serviço prestado e a identificação do procedimento licitatório originário da despesa?;Disponibilidade;Atende;https://cmchaves.pa.gov.br/transparencia
Despesa;4.3 Possibilita a consulta de empenhos com os detalhes do beneficiário do pagamento ou credor, o valor, o bem fornecido ou serviço prestado e a identificação do procedimento licitatório originário da despesa?;Atualidade;Atende;
Despesa;4.3 Possibilita a consulta de empenhos com os detalhes do beneficiário do pagamento ou credor, o valor, o bem fornecido ou serviço prestado e a identificação do procedimento licitatório originário da despesa?;Série Histórica;Atende;
Despesa;4.3 Possibilita a consulta de empenhos com os detalhes do beneficiário do pagamento ou credor, o valor, o bem fornecido ou serviço prestado e a identificação do procedimento licitatório originário da despesa?;Gravação de Relatórios;Atende;
Despesa;4.3 Possibilita a consulta de empenhos com os detalhes do beneficiário do pagamento ou credor, o valor, o bem fornecido ou serviço prestado e a identificação do procedimento licitatório originário da despesa?;Filtros de Pesquisa;Atende;
Convênios e Transferências;5.1 Divulga as transferências recebidas a partir da celebração de convênios/acordos com indicação, no mínimo, do número/ano do convênio/termo ou ajuste, do valor total previsto dos recursos envolvidos, do valor recebido, do objeto, da vigência, da origem (órgão repassador/concedente) e o inteiro teor do instrumento de convênio/transferência?;Disponibilidade;Atende;https://cmchaves.pa.gov.br/transparencia/convenios
Convênios e Transferências;5.1 Divulga as transferências recebidas a partir da celebração de convênios/acordos com indicação, no mínimo, do número/ano do convênio/termo ou ajuste, do valor total previsto dos recursos envolvidos, do valor recebido, do objeto, da vigência, da origem (órgão repassador/concedente) e o inteiro teor do instrumento de convênio/transferência?;Atualidade;Atende;
Convênios e Transferências;5.1 Divulga as transferências recebidas a partir da celebração de convênios/acordos com indicação, no mínimo, do número/ano do convênio/termo ou ajuste, do valor total previsto dos recursos envolvidos, do valor recebido, do objeto, da vigência, da origem (órgão repassador/concedente) e o inteiro teor do instrumento de convênio/transferência?;Série Histórica;Atende;
Convênios e Transferências;5.1 Divulga as transferências recebidas a partir da celebração de convênios/acordos com indicação, no mínimo, do número/ano do convênio/termo ou ajuste, do valor total previsto dos recursos envolvidos, do valor recebido, do objeto, da vigência, da origem (órgão repassador/concedente) e o inteiro teor do instrumento de convênio/transferência?;Gravação de Relatórios;Atende;
Convênios e Transferências;5.1 Divulga as transferências recebidas a partir da celebração de convênios/acordos com indicação, no mínimo, do número/ano do convênio/termo ou ajuste, do valor total previsto dos recursos envolvidos, do valor recebido, do objeto, da vigência, da origem (órgão repassador/concedente) e o inteiro teor do instrumento de convênio/transferência?;Filtros de Pesquisa;Atende;
Convênios e Transferências;5.2 Divulga as transferências realizadas a partir da celebração de convênios/acordos/ajustes, com indicação, no mínimo, do número/ano do convênio/termo ou ajuste, do beneficiário, do objeto, da vigência, do valor total previsto para repasse, do valor concedido e inteiro teor do instrumento de convênio/termo ou ajuste?;Disponibilidade;Atende;https://cmchaves.pa.gov.br/transparencia/convenios
Convênios e Transferências;5.2 Divulga as transferências realizadas a partir da celebração de convênios/acordos/ajustes, com indicação, no mínimo, do número/ano do convênio/termo ou ajuste, do beneficiário, do objeto, da vigência, do valor total previsto para repasse, do valor concedido e inteiro teor do instrumento de convênio/termo ou ajuste?;Atualidade;Atende;
Convênios e Transferências;5.2 Divulga as transferências realizadas a partir da celebração de convênios/acordos/ajustes, com indicação, no mínimo, do número/ano do convênio/termo ou ajuste, do beneficiário, do objeto, da vigência, do valor total previsto para repasse, do valor concedido e inteiro teor do instrumento de convênio/termo ou ajuste?;Série Histórica;Atende;
Convênios e Transferências;5.2 Divulga as transferências realizadas a partir da celebração de convênios/acordos/ajustes, com indicação, no mínimo, do número/ano do convênio/termo ou ajuste, do beneficiário, do objeto, da vigência, do valor total previsto para repasse, do valor concedido e inteiro teor do instrumento de convênio/termo ou ajuste?;Gravação de Relatórios;Atende;
Convênios e Transferências;5.2 Divulga as transferências realizadas a partir da celebração de convênios/acordos/ajustes, com indicação, no mínimo, do número/ano do convênio/termo ou ajuste, do beneficiário, do objeto, da vigência, do valor total previsto para repasse, do valor concedido e inteiro teor do instrumento de convênio/termo ou ajuste?;Filtros de Pesquisa;Atende;
Convênios e Transferências;5.3 Divulga os acordos firmados que não envolvam transferência de recursos financeiros, identificando as partes, o número/ano do convênio/termo ou ajuste, o objeto, a vigência, as obrigações ajustadas e o inteiro teor do instrumento de convênio/termo ou ajuste?;Disponibilidade;Atende;https://cmchaves.pa.gov.br/transparencia/convenios
Convênios e Transferências;5.3 Divulga os acordos firmados que não envolvam transferência de recursos financeiros, identificando as partes, o número/ano do convênio/termo ou ajuste, o objeto, a vigência, as obrigações ajustadas e o inteiro teor do instrumento de convênio/termo ou ajuste?;Atualidade;Atende;
Convênios e Transferências;5.3 Divulga os acordos firmados que não envolvam transferência de recursos financeiros, identificando as partes, o número/ano do convênio/termo ou ajuste, o objeto, a vigência, as obrigações ajustadas e o inteiro teor do instrumento de convênio/termo ou ajuste?;Série Histórica;Atende;
Convênios e Transferências;5.3 Divulga os acordos firmados que não envolvam transferência de recursos financeiros, identificando as partes, o número/ano do convênio/termo ou ajuste, o objeto, a vigência, as obrigações ajustadas e o inteiro teor do instrumento de convênio/termo ou ajuste?;Gravação de Relatórios;Atende;
Convênios e Transferências;5.3 Divulga os acordos firmados que não envolvam transferência de recursos financeiros, identificando as partes, o número/ano do convênio/termo ou ajuste, o objeto, a vigência, as obrigações ajustadas e o inteiro teor do instrumento de convênio/termo ou ajuste?;Filtros de Pesquisa;Atende;
Recursos Humanos;6.1 Divulga a relação nominal dos servidores/autoridades/membros, seus cargos/funções, as respectivas lotações, as suas datas de admissão/exoneração/inativação e a carga horária do cargo/função ocupada/desempenhada?;Disponibilidade;Atende;https://cmchaves.pa.gov.br/transparencia/pessoal/remuneracao
Recursos Humanos;6.1 Divulga a relação nominal dos servidores/autoridades/membros, seus cargos/funções, as respectivas lotações, as suas datas de admissão/exoneração/inativação e a carga horária do cargo/função ocupada/desempenhada?;Atualidade;Atende;
Recursos Humanos;6.1 Divulga a relação nominal dos servidores/autoridades/membros, seus cargos/funções, as respectivas lotações, as suas datas de admissão/exoneração/inativação e a carga horária do cargo/função ocupada/desempenhada?;Série Histórica;Atende;
Recursos Humanos;6.1 Divulga a relação nominal dos servidores/autoridades/membros, seus cargos/funções, as respectivas lotações, as suas datas de admissão/exoneração/inativação e a carga horária do cargo/função ocupada/desempenhada?;Gravação de Relatórios;Atende;
Recursos Humanos;6.1 Divulga a relação nominal dos servidores/autoridades/membros, seus cargos/funções, as respectivas lotações, as suas datas de admissão/exoneração/inativação e a carga horária do cargo/função ocupada/desempenhada?;Filtros de Pesquisa;Atende;
Recursos Humanos;6.2 Divulga a remuneração nominal de cada servidor/autoridade/Membro?;Disponibilidade;Atende;https://cmchaves.pa.gov.br/transparencia/pessoal/remuneracao
Recursos Humanos;6.2 Divulga a remuneração nominal de cada servidor/autoridade/Membro?;Atualidade;Atende;
Recursos Humanos;6.2 Divulga a remuneração nominal de cada servidor/autoridade/Membro?;Série Histórica;Atende;
Recursos Humanos;6.2 Divulga a remuneração nominal de cada servidor/autoridade/Membro?;Gravação de Relatórios;Atende;
Recursos Humanos;6.2 Divulga a remuneração nominal de cada servidor/autoridade/Membro?;Filtros de Pesquisa;Atende;
Recursos Humanos;6.3 Divulga a tabela com o padrão remuneratório dos cargos e funções?;Disponibilidade;Atende;https://cmchaves.pa.gov.br/transparencia/cargos
Recursos Humanos;6.3 Divulga a tabela com o padrão remuneratório dos cargos e funções?;Atualidade;Atende;
Recursos Humanos;"6.4 Divulga a lista de seus estagiários, contendo o nome dos estudantes; a data de contratação e a data de término do respectivo contrato?";Disponibilidade;Atende;https://cmchaves.pa.gov.br/transparencia/pessoal/estagiarios
Recursos Humanos;"6.4 Divulga a lista de seus estagiários, contendo o nome dos estudantes; a data de contratação e a data de término do respectivo contrato?";Atualidade;Atende;
Recursos Humanos;"6.4 Divulga a lista de seus estagiários, contendo o nome dos estudantes; a data de contratação e a data de término do respectivo contrato?";Série Histórica;Atende;
Recursos Humanos;"6.4 Divulga a lista de seus estagiários, contendo o nome dos estudantes; a data de contratação e a data de término do respectivo contrato?";Gravação de Relatórios;Atende;
Recursos Humanos;"6.4 Divulga a lista de seus estagiários, contendo o nome dos estudantes; a data de contratação e a data de término do respectivo contrato?";Filtros de Pesquisa;Atende;
Recursos Humanos;6.5 Publica lista dos terceirizados que prestam serviços para o Poder ou órgão/entidades, contendo, em relação a cada um deles: nome completo, função ou atividade exercida e nome da empresa empregadora?;Disponibilidade;Atende;https://cmchaves.pa.gov.br/transparencia/pessoal/terceirizados
Recursos Humanos;6.5 Publica lista dos terceirizados que prestam serviços para o Poder ou órgão/entidades, contendo, em relação a cada um deles: nome completo, função ou atividade exercida e nome da empresa empregadora?;Atualidade;Atende;
Recursos Humanos;6.5 Publica lista dos terceirizados que prestam serviços para o Poder ou órgão/entidades, contendo, em relação a cada um deles: nome completo, função ou atividade exercida e nome da empresa empregadora?;Série Histórica;Atende;
Recursos Humanos;6.5 Publica lista dos terceirizados que prestam serviços para o Poder ou órgão/entidades, contendo, em relação a cada um deles: nome completo, função ou atividade exercida e nome da empresa empregadora?;Gravação de Relatórios;Atende;
Recursos Humanos;6.5 Publica lista dos terceirizados que prestam serviços para o Poder ou órgão/entidades, contendo, em relação a cada um deles: nome completo, função ou atividade exercida e nome da empresa empregadora?;Filtros de Pesquisa;Atende;
Recursos Humanos;6.6 Divulga a íntegra dos editais de concursos e seleções públicas realizados pelo Poder ou órgão para provimento de cargos e empregos públicos?;Disponibilidade;Atende;https://cmchaves.pa.gov.br/transparencia/pessoal/concursos
Recursos Humanos;6.6 Divulga a íntegra dos editais de concursos e seleções públicas realizados pelo Poder ou órgão para provimento de cargos e empregos públicos?;Atualidade;Atende;
Recursos Humanos;6.6 Divulga a íntegra dos editais de concursos e seleções públicas realizados pelo Poder ou órgão para provimento de cargos e empregos públicos?;Série Histórica;Atende;
Recursos Humanos;6.6 Divulga a íntegra dos editais de concursos e seleções públicas realizados pelo Poder ou órgão para provimento de cargos e empregos públicos?;Filtros de Pesquisa;Atende;
Recursos Humanos;6.7 Divulga informações sobre os demais atos dos concursos públicos e processos seletivos do Poder ou órgão, contendo no mínimo a lista de aprovados com as classificações e as nomeações?;Disponibilidade;Atende;https://cmchaves.pa.gov.br/transparencia/pessoal/concursos
Recursos Humanos;6.7 Divulga informações sobre os demais atos dos concursos públicos e processos seletivos do Poder ou órgão, contendo no mínimo a lista de aprovados com as classificações e as nomeações?;Atualidade;Atende;
Recursos Humanos;6.7 Divulga informações sobre os demais atos dos concursos públicos e processos seletivos do Poder ou órgão, contendo no mínimo a lista de aprovados com as classificações e as nomeações?;Filtros de Pesquisa;Atende;
Diárias;7.1 Divulga o nome e o cargo/função do beneficiário, além do valor total recebido, número de diárias usufruídas por afastamento, período de afastamento, motivo do afastamento e local de destino?;Disponibilidade;Atende;https://cmchaves.pa.gov.br/transparencia/pessoal/diarias
Diárias;7.1 Divulga o nome e o cargo/função do beneficiário, além do valor total recebido, número de diárias usufruídas por afastamento, período de afastamento, motivo do afastamento e local de destino?;Atualidade;Atende;
Diárias;7.1 Divulga o nome e o cargo/função do beneficiário, além do valor total recebido, número de diárias usufruídas por afastamento, período de afastamento, motivo do afastamento e local de destino?;Série Histórica;Atende;
Diárias;7.1 Divulga o nome e o cargo/função do beneficiário, além do valor total recebido, número de diárias usufruídas por afastamento, período de afastamento, motivo do afastamento e local de destino?;Gravação de Relatórios;Atende;
Diárias;7.1 Divulga o nome e o cargo/função do beneficiário, além do valor total recebido, número de diárias usufruídas por afastamento, período de afastamento, motivo do afastamento e local de destino?;Filtros de Pesquisa;Atende;
Diárias;7.2 Divulga tabela ou relação que explicite os valores das diárias dentro do Estado, fora do Estado e fora do país, conforme legislação local?;Disponibilidade;Atende;https://cmchaves.pa.gov.br/transparencia/pessoal/valores-diarias
Diárias;7.2 Divulga tabela ou relação que explicite os valores das diárias dentro do Estado, fora do Estado e fora do país, conforme legislação local?;Atualidade;Atende;
Diárias;7.2 Divulga tabela ou relação que explicite os valores das diárias dentro do Estado, fora do Estado e fora do país, conforme legislação local?;Série Histórica;Atende;
Diárias;7.2 Divulga tabela ou relação que explicite os valores das diárias dentro do Estado, fora do Estado e fora do país, conforme legislação local?;Filtros de Pesquisa;Atende;
Licitações;8.1 Divulga a relação das licitações em ordem sequencial, informando o número e modalidade licitatória, o objeto, a data, o valor estimado/homologado e a situação?;Disponibilidade;Atende;https://cmchaves.pa.gov.br/transparencia/licitacoes
Licitações;8.1 Divulga a relação das licitações em ordem sequencial, informando o número e modalidade licitatória, o objeto, a data, o valor estimado/homologado e a situação?;Atualidade;Atende;
Licitações;8.1 Divulga a relação das licitações em ordem sequencial, informando o número e modalidade licitatória, o objeto, a data, o valor estimado/homologado e a situação?;Série Histórica;Atende;
Licitações;8.1 Divulga a relação das licitações em ordem sequencial, informando o número e modalidade licitatória, o objeto, a data, o valor estimado/homologado e a situação?;Gravação de Relatórios;Atende;
Licitações;8.1 Divulga a relação das licitações em ordem sequencial, informando o número e modalidade licitatória, o objeto, a data, o valor estimado/homologado e a situação?;Filtros de Pesquisa;Atende;
Licitações;8.2 Divulga a íntegra dos editais de licitação?;Disponibilidade;Atende;https://cmchaves.pa.gov.br/transparencia/licitacoes
Licitações;8.2 Divulga a íntegra dos editais de licitação?;Atualidade;Atende;
Licitações;8.2 Divulga a íntegra dos editais de licitação?;Série Histórica;Atende;
Licitações;8.2 Divulga a íntegra dos editais de licitação?;Filtros de Pesquisa;Atende;
Licitações;8.3 Divulga a íntegra dos demais documentos das fases interna e externa das licitações?;Disponibilidade;Atende;https://cmchaves.pa.gov.br/transparencia/licitacoes
Licitações;8.3 Divulga a íntegra dos demais documentos das fases interna e externa das licitações?;Atualidade;Atende;
Licitações;8.3 Divulga a íntegra dos demais documentos das fases interna e externa das licitações?;Série Histórica;Atende;
Licitações;8.3 Divulga a íntegra dos demais documentos das fases interna e externa das licitações?;Filtros de Pesquisa;Atende;
Licitações;8.4 Divulga a íntegra dos principais documentos dos processos de dispensa e inexigibilidade de licitação?;Disponibilidade;Atende;https://cmchaves.pa.gov.br/transparencia/licitacoes
Licitações;8.4 Divulga a íntegra dos principais documentos dos processos de dispensa e inexigibilidade de licitação?;Atualidade;Atende;
Licitações;8.4 Divulga a íntegra dos principais documentos dos processos de dispensa e inexigibilidade de licitação?;Série Histórica;Atende;
Licitações;8.4 Divulga a íntegra dos principais documentos dos processos de dispensa e inexigibilidade de licitação?;Filtros de Pesquisa;Atende;
Licitações;8.5 Divulga a íntegra das Atas de Adesão – SRP?;Disponibilidade;Atende;https://cmchaves.pa.gov.br/transparencia/atas-adesao-srp
Licitações;8.5 Divulga a íntegra das Atas de Adesão – SRP?;Atualidade;Atende;
Licitações;8.5 Divulga a íntegra das Atas de Adesão – SRP?;Série Histórica;Atende;
Licitações;8.5 Divulga a íntegra das Atas de Adesão – SRP?;Filtros de Pesquisa;Atende;
Licitações;8.6 Divulga o plano de contratações anual?;Disponibilidade;Atende;https://cmchaves.pa.gov.br/transparencia/plano-contratacoes-anual
Licitações;8.6 Divulga o plano de contratações anual?;Atualidade;Atende;
Licitações;8.7 Divulga a relação dos licitantes e/ou contratados sancionados administrativamente pelo Poder ou órgão?;Disponibilidade;Atende;https://cmchaves.pa.gov.br/transparencia/fornecedores-sancionados
Licitações;8.7 Divulga a relação dos licitantes e/ou contratados sancionados administrativamente pelo Poder ou órgão?;Atualidade;Atende;
Licitações;8.7 Divulga a relação dos licitantes e/ou contratados sancionados administrativamente pelo Poder ou órgão?;Série Histórica;Atende;
Licitações;8.7 Divulga a relação dos licitantes e/ou contratados sancionados administrativamente pelo Poder ou órgão?;Gravação de Relatórios;Atende;
Licitações;8.7 Divulga a relação dos licitantes e/ou contratados sancionados administrativamente pelo Poder ou órgão?;Filtros de Pesquisa;Atende;
Contratos;9.1 Divulga a relação dos contratos celebrados em ordem sequencial, com o seu respectivo resumo, contendo, no mínimo, indicação do contratado(a), do valor, do objeto e da vigência, bem como dos aditivos deles decorrentes?;Disponibilidade;Atende;https://cmchaves.pa.gov.br/transparencia/contratos
Contratos;9.1 Divulga a relação dos contratos celebrados em ordem sequencial, com o seu respectivo resumo, contendo, no mínimo, indicação do contratado(a), do valor, do objeto e da vigência, bem como dos aditivos deles decorrentes?;Atualidade;Atende;
Contratos;9.1 Divulga a relação dos contratos celebrados em ordem sequencial, com o seu respectivo resumo, contendo, no mínimo, indicação do contratado(a), do valor, do objeto e da vigência, bem como dos aditivos deles decorrentes?;Série Histórica;Atende;
Contratos;9.1 Divulga a relação dos contratos celebrados em ordem sequencial, com o seu respectivo resumo, contendo, no mínimo, indicação do contratado(a), do valor, do objeto e da vigência, bem como dos aditivos deles decorrentes?;Gravação de Relatórios;Atende;
Contratos;9.1 Divulga a relação dos contratos celebrados em ordem sequencial, com o seu respectivo resumo, contendo, no mínimo, indicação do contratado(a), do valor, do objeto e da vigência, bem como dos aditivos deles decorrentes?;Filtros de Pesquisa;Atende;
Contratos;9.2 Divulga o inteiro teor dos contratos e dos respectivos termos aditivos?;Disponibilidade;Atende;https://cmchaves.pa.gov.br/transparencia/contratos
Contratos;9.2 Divulga o inteiro teor dos contratos e dos respectivos termos aditivos?;Atualidade;Atende;
Contratos;9.2 Divulga o inteiro teor dos contratos e dos respectivos termos aditivos?;Série Histórica;Atende;
Contratos;9.2 Divulga o inteiro teor dos contratos e dos respectivos termos aditivos?;Filtros de Pesquisa;Atende;
Contratos;9.3 Divulga a relação/lista dos fiscais de cada contrato vigente e encerrado?;Disponibilidade;Atende;https://cmchaves.pa.gov.br/transparencia/contratos
Contratos;9.3 Divulga a relação/lista dos fiscais de cada contrato vigente e encerrado?;Atualidade;Atende;
Contratos;9.3 Divulga a relação/lista dos fiscais de cada contrato vigente e encerrado?;Série Histórica;Atende;
Contratos;9.3 Divulga a relação/lista dos fiscais de cada contrato vigente e encerrado?;Gravação de Relatórios;Atende;
Contratos;9.3 Divulga a relação/lista dos fiscais de cada contrato vigente e encerrado?;Filtros de Pesquisa;Atende;
Contratos;9.4 Divulga a ordem cronológica de seus pagamentos, bem como as justificativas que fundamentaram a eventual alteração dessa ordem?;Disponibilidade;Atende;https://www.governotransparente.com.br/acessoinfo/44169485/consultarpagordemcronologica?clean=false
Contratos;9.4 Divulga a ordem cronológica de seus pagamentos, bem como as justificativas que fundamentaram a eventual alteração dessa ordem?;Atualidade;Atende;
Contratos;9.4 Divulga a ordem cronológica de seus pagamentos, bem como as justificativas que fundamentaram a eventual alteração dessa ordem?;Série Histórica;Atende;
Contratos;9.4 Divulga a ordem cronológica de seus pagamentos, bem como as justificativas que fundamentaram a eventual alteração dessa ordem?;Gravação de Relatórios;Atende;
Contratos;9.4 Divulga a ordem cronológica de seus pagamentos, bem como as justificativas que fundamentaram a eventual alteração dessa ordem?;Filtros de Pesquisa;Atende;
Obras;10.1 Divulga informações sobre as obras contendo o objeto, a situação atual, as datas de início e de conclusão da obra, empresa contratada e o percentual concluído?;Disponibilidade;Atende;https://cmchaves.pa.gov.br/transparencia/obras
Obras;10.1 Divulga informações sobre as obras contendo o objeto, a situação atual, as datas de início e de conclusão da obra, empresa contratada e o percentual concluído?;Atualidade;Atende;
Obras;10.1 Divulga informações sobre as obras contendo o objeto, a situação atual, as datas de início e de conclusão da obra, empresa contratada e o percentual concluído?;Gravação de Relatórios;Atende;
Obras;10.1 Divulga informações sobre as obras contendo o objeto, a situação atual, as datas de início e de conclusão da obra, empresa contratada e o percentual concluído?;Filtros de Pesquisa;Atende;
Obras;10.2 Divulga os quantitativos, os preços unitários e totais contratados?;Disponibilidade;Atende;https://cmchaves.pa.gov.br/transparencia/obras
Obras;10.2 Divulga os quantitativos, os preços unitários e totais contratados?;Atualidade;Atende;
Obras;10.2 Divulga os quantitativos, os preços unitários e totais contratados?;Gravação de Relatórios;Atende;
Obras;10.3 Divulga os quantitativos executados e os preços efetivamente pagos?;Disponibilidade;Atende;https://cmchaves.pa.gov.br/transparencia/obras
Obras;10.3 Divulga os quantitativos executados e os preços efetivamente pagos?;Atualidade;Atende;
Obras;10.3 Divulga os quantitativos executados e os preços efetivamente pagos?;Gravação de Relatórios;Atende;
Obras;10.4 Divulga relação das obras paralisadas contendo o motivo, o responsável pela inexecução temporária do objeto do contrato e a data prevista para o reinício da sua execução?;Disponibilidade;Atende;https://cmchaves.pa.gov.br/transparencia/obras?situacao=PARALISADA
Obras;10.4 Divulga relação das obras paralisadas contendo o motivo, o responsável pela inexecução temporária do objeto do contrato e a data prevista para o reinício da sua execução?;Atualidade;Atende;
Obras;10.4 Divulga relação das obras paralisadas contendo o motivo, o responsável pela inexecução temporária do objeto do contrato e a data prevista para o reinício da sua execução?;Gravação de Relatórios;Atende;
Obras;10.4 Divulga relação das obras paralisadas contendo o motivo, o responsável pela inexecução temporária do objeto do contrato e a data prevista para o reinício da sua execução?;Filtros de Pesquisa;Atende;
Planejamento e Prestação de Contas;11.1 Publica a Prestação de Contas do Ano Anterior (Balanço Geral)?;Disponibilidade;Atende;https://cmchaves.pa.gov.br/transparencia/documentos/balanco-anual
Planejamento e Prestação de Contas;11.1 Publica a Prestação de Contas do Ano Anterior (Balanço Geral)?;Atualidade;Atende;
Planejamento e Prestação de Contas;11.1 Publica a Prestação de Contas do Ano Anterior (Balanço Geral)?;Série Histórica;Atende;
Planejamento e Prestação de Contas;11.1 Publica a Prestação de Contas do Ano Anterior (Balanço Geral)?;Filtros de Pesquisa;Atende;
Planejamento e Prestação de Contas;11.2 Divulga o Relatório de Gestão ou Atividades?;Disponibilidade;Atende;https://cmchaves.pa.gov.br/transparencia/documentos/balanco-anual
Planejamento e Prestação de Contas;11.2 Divulga o Relatório de Gestão ou Atividades?;Atualidade;Atende;
Planejamento e Prestação de Contas;11.2 Divulga o Relatório de Gestão ou Atividades?;Série Histórica;Atende;
Planejamento e Prestação de Contas;11.2 Divulga o Relatório de Gestão ou Atividades?;Filtros de Pesquisa;Atende;
Planejamento e Prestação de Contas;11.3 Divulga a íntegra da decisão da apreciação ou julgamento das contas pelo Tribunal de Contas?;Disponibilidade;Atende;https://cmchaves.pa.gov.br/transparencia/documentos/parecer-tcm
Planejamento e Prestação de Contas;11.3 Divulga a íntegra da decisão da apreciação ou julgamento das contas pelo Tribunal de Contas?;Atualidade;Atende;
Planejamento e Prestação de Contas;11.3 Divulga a íntegra da decisão da apreciação ou julgamento das contas pelo Tribunal de Contas?;Série Histórica;Atende;
Planejamento e Prestação de Contas;11.5 Divulga o Relatório de Gestão Fiscal (RGF)?;Disponibilidade;Atende;https://cmchaves.pa.gov.br/transparencia/documentos/rgf
Planejamento e Prestação de Contas;11.5 Divulga o Relatório de Gestão Fiscal (RGF)?;Atualidade;Atende;
Planejamento e Prestação de Contas;11.5 Divulga o Relatório de Gestão Fiscal (RGF)?;Série Histórica;Atende;
Planejamento e Prestação de Contas;11.5 Divulga o Relatório de Gestão Fiscal (RGF)?;Filtros de Pesquisa;Atende;
Planejamento e Prestação de Contas;11.7 Divulga o plano estratégico institucional?;Disponibilidade;Atende;https://cmchaves.pa.gov.br/transparencia/plano-estrategico
SIC;12.1 Existe o SIC no site ou no portal de transparência e indica a unidade/setor responsável?;Disponibilidade;Atende;https://cmchaves.pa.gov.br/institucional/e-sic
SIC;12.2 Indica o endereço físico, o telefone e o e-mail da unidade responsável pelo SIC, além do horário de funcionamento?;Disponibilidade;Atende;https://cmchaves.pa.gov.br/institucional/e-sic
SIC;12.3 Há possibilidade de envio de pedidos de informação de forma eletrônica (e­-SIC)?;Disponibilidade;Atende;https://cmchaves.pa.gov.br/transparencia/e-sic/normativa
SIC;12.4 A solicitação por meio de eSic é simples, ou seja, sem a exigência de itens de identificação do requerente que dificultem ou impossibilitem o acesso à informação, tais como: envio de documentos, assinatura reconhecida, declaração de responsabilidade, maioridade?;Disponibilidade;Atende;https://cmchaves.pa.gov.br/institucional/e-sic
SIC;12.5 Divulga nesta seção, instrumento normativo local que regulamente a Lei nº 12.527/2011 – LAI?;Disponibilidade;Atende;https://cmchaves.pa.gov.br/transparencia/e-sic/normativa
SIC;12.6 Divulga, na seção relativa ao e-SIC, os prazos de resposta ao cidadão, incluindo o recursal, e as autoridades competentes para o exame dos pedidos, além do procedimento referente à realização do pedido e de eventual recurso?;Disponibilidade;Atende;https://cmchaves.pa.gov.br/transparencia/e-sic/normativa
SIC;12.7 Divulga relatório anual estatístico contendo a quantidade de pedidos de acesso recebidos, atendidos, indeferidos, bem como informações genéricas sobre os solicitantes?;Disponibilidade;Atende;https://cmchaves.pa.gov.br/transparencia/e-sic/estatisticas
SIC;12.7 Divulga relatório anual estatístico contendo a quantidade de pedidos de acesso recebidos, atendidos, indeferidos, bem como informações genéricas sobre os solicitantes?;Atualidade;Atende;
SIC;12.7 Divulga relatório anual estatístico contendo a quantidade de pedidos de acesso recebidos, atendidos, indeferidos, bem como informações genéricas sobre os solicitantes?;Série Histórica;Atende;
SIC;12.7 Divulga relatório anual estatístico contendo a quantidade de pedidos de acesso recebidos, atendidos, indeferidos, bem como informações genéricas sobre os solicitantes?;Gravação de Relatórios;Atende;
SIC;12.7 Divulga relatório anual estatístico contendo a quantidade de pedidos de acesso recebidos, atendidos, indeferidos, bem como informações genéricas sobre os solicitantes?;Filtros de Pesquisa;Atende;
SIC;12.8 Divulga lista de documentos classificados em cada grau de sigilo, contendo pelo menos o assunto sobre o qual versa a informação, a categoria na qual ela se encontra, o dispositivo legal que fundamenta a classificação e o respectivo prazo?;Disponibilidade;Atende;https://cmchaves.pa.gov.br/institucional/e-sic
SIC;12.8 Divulga lista de documentos classificados em cada grau de sigilo, contendo pelo menos o assunto sobre o qual versa a informação, a categoria na qual ela se encontra, o dispositivo legal que fundamenta a classificação e o respectivo prazo?;Atualidade;Atende;
SIC;12.8 Divulga lista de documentos classificados em cada grau de sigilo, contendo pelo menos o assunto sobre o qual versa a informação, a categoria na qual ela se encontra, o dispositivo legal que fundamenta a classificação e o respectivo prazo?;Série Histórica;Atende;
SIC;12.8 Divulga lista de documentos classificados em cada grau de sigilo, contendo pelo menos o assunto sobre o qual versa a informação, a categoria na qual ela se encontra, o dispositivo legal que fundamenta a classificação e o respectivo prazo?;Gravação de Relatórios;Atende;
SIC;12.8 Divulga lista de documentos classificados em cada grau de sigilo, contendo pelo menos o assunto sobre o qual versa a informação, a categoria na qual ela se encontra, o dispositivo legal que fundamenta a classificação e o respectivo prazo?;Filtros de Pesquisa;Atende;
SIC;12.9 Divulga lista das informações que tenham sido desclassificadas nos últimos 12 (doze) meses?;Disponibilidade;Atende;https://cmchaves.pa.gov.br/institucional/e-sic
SIC;12.9 Divulga lista das informações que tenham sido desclassificadas nos últimos 12 (doze) meses?;Atualidade;Atende;
SIC;12.9 Divulga lista das informações que tenham sido desclassificadas nos últimos 12 (doze) meses?;Série Histórica;Atende;
SIC;12.9 Divulga lista das informações que tenham sido desclassificadas nos últimos 12 (doze) meses?;Gravação de Relatórios;Atende;
SIC;12.9 Divulga lista das informações que tenham sido desclassificadas nos últimos 12 (doze) meses?;Filtros de Pesquisa;Atende;
Acessibilidade;13.1 O site oficial e o portal de transparência contêm símbolo de acessibilidade em destaque?;Disponibilidade;Atende;https://cmchaves.pa.gov.br/transparencia
Acessibilidade;13.2 O site e o portal de transparência contêm exibição do “caminho” de páginas percorridas pelo usuário?;Disponibilidade;Atende;https://cmchaves.pa.gov.br/transparencia
Acessibilidade;13.3 O site e o portal de transparência contêm opção de alto contraste?;Disponibilidade;Atende;https://cmchaves.pa.gov.br/transparencia
Acessibilidade;13.4 O site e o portal de transparência contêm ferramenta de redimensionamento de texto?;Disponibilidade;Atende;https://cmchaves.pa.gov.br/transparencia
Acessibilidade;13.5 Contém mapa do site institucional?;Disponibilidade;Atende;https://cmchaves.pa.gov.br/transparencia
Ouvidoria;14.1 Há informações sobre o atendimento presencial pela Ouvidoria (Indicação de endereço físico e telefone, além do horário de funcionamento)?;Disponibilidade;Atende;https://cmchaves.pa.gov.br/institucional/ouvidoria
Ouvidoria;14.2. Há canal eletrônico de acesso/interação com a ouvidoria?;Disponibilidade;Atende;https://cmchaves.pa.gov.br/transparencia/ouvidoria/estatisticas
Ouvidoria;14.3 Divulga Carta de Serviços ao Usuário?;Disponibilidade;Atende;https://cmchaves.pa.gov.br/transparencia/ouvidoria/regulamentacao
LGPD e Governo Digital;15.1 Identifica o encarregado/responsável pelo tratamento de dados pessoais e disponibiliza Canal de Comunicação com esse servidor (telefone e/ou e-mail)?;Disponibilidade;Atende;https://cmchaves.pa.gov.br/transparencia/documentos/lgpd
LGPD e Governo Digital;15.2 Publica a sua Política de Privacidade e Proteção de Dados?;Disponibilidade;Atende;https://cmchaves.pa.gov.br/transparencia/politica-privacidade
LGPD e Governo Digital;15.3 Possibilita a demanda e o acesso a serviços públicos por meio digital, sem necessidade de solicitação presencial?;Disponibilidade;Atende;https://cmchaves.pa.gov.br/transparencia/servicos-online
LGPD e Governo Digital;15.4 Possibilita o acesso automatizado por sistemas externos em dados abertos  (estruturados e legíveis por máquina), e a página contém as regras de utilização?;Disponibilidade;Atende;https://cmchaves.pa.gov.br/transparencia/plano-dados-abertos
LGPD e Governo Digital;15.5 Regulamenta a Lei Federal nº 14.129/2021 (Governo Digital) e divulga a normativa em seu portal?;Disponibilidade;Atende;https://cmchaves.pa.gov.br/transparencia/documentos/lgpd
LGPD e Governo Digital;15.6 Realiza e divulga resultados de pesquisas de satisfação?;Disponibilidade;Atende;https://cmchaves.pa.gov.br/transparencia/pesquisas-satisfacao
Atividade Finalísticas;20.1 Divulga a composição da Casa, com a biografia dos parlamentares?;Disponibilidade;Atende;https://cmchaves.pa.gov.br/parlamentares
Atividade Finalísticas;20.2 Divulga as leis e atos infralegais (resoluções, decretos, etc.) produzidos?;Disponibilidade;Atende;https://cmchaves.pa.gov.br/legislativo/normas
Atividade Finalísticas;20.2 Divulga as leis e atos infralegais (resoluções, decretos, etc.) produzidos?;Atualidade;Atende;
Atividade Finalísticas;20.2 Divulga as leis e atos infralegais (resoluções, decretos, etc.) produzidos?;Série Histórica;Atende;
Atividade Finalísticas;20.2 Divulga as leis e atos infralegais (resoluções, decretos, etc.) produzidos?;Filtros de Pesquisa;Atende;
Atividade Finalísticas;20.3 Divulga projetos de leis e de atos infralegais, bem como as respectivas tramitações (contemplando ementa, documentos anexos, situação atual e autor/relator)?;Disponibilidade;Atende;https://cmchaves.pa.gov.br/legislativo
Atividade Finalísticas;20.3 Divulga projetos de leis e de atos infralegais, bem como as respectivas tramitações (contemplando ementa, documentos anexos, situação atual e autor/relator)?;Atualidade;Atende;
Atividade Finalísticas;20.3 Divulga projetos de leis e de atos infralegais, bem como as respectivas tramitações (contemplando ementa, documentos anexos, situação atual e autor/relator)?;Série Histórica;Atende;
Atividade Finalísticas;20.3 Divulga projetos de leis e de atos infralegais, bem como as respectivas tramitações (contemplando ementa, documentos anexos, situação atual e autor/relator)?;Filtros de Pesquisa;Atende;
Atividade Finalísticas;20.4 Divulga a pauta das sessões do Plenário?;Disponibilidade;Atende;https://cmchaves.pa.gov.br/legislativo/pautas-sessoes
Atividade Finalísticas;20.4 Divulga a pauta das sessões do Plenário?;Atualidade;Atende;
Atividade Finalísticas;20.4 Divulga a pauta das sessões do Plenário?;Gravação de Relatórios;Atende;
Atividade Finalísticas;20.4 Divulga a pauta das sessões do Plenário?;Filtros de Pesquisa;Atende;
Atividade Finalísticas;20.5 Divulga a pauta das Comissões?;Disponibilidade;Atende;https://cmchaves.pa.gov.br/transparencia/legislativo/pautas-comissoes
Atividade Finalísticas;20.5 Divulga a pauta das Comissões?;Atualidade;Atende;
Atividade Finalísticas;20.5 Divulga a pauta das Comissões?;Gravação de Relatórios;Atende;
Atividade Finalísticas;20.5 Divulga a pauta das Comissões?;Filtros de Pesquisa;Atende;
Atividade Finalísticas;20.6 Divulga as atas das sessões, incluindo a lista de presença dos parlamentares em cada sessão?;Disponibilidade;Atende;https://cmchaves.pa.gov.br/legislativo/atas
Atividade Finalísticas;20.6 Divulga as atas das sessões, incluindo a lista de presença dos parlamentares em cada sessão?;Atualidade;Atende;
Atividade Finalísticas;20.6 Divulga as atas das sessões, incluindo a lista de presença dos parlamentares em cada sessão?;Série Histórica;Atende;
Atividade Finalísticas;20.6 Divulga as atas das sessões, incluindo a lista de presença dos parlamentares em cada sessão?;Gravação de Relatórios;Atende;
Atividade Finalísticas;20.6 Divulga as atas das sessões, incluindo a lista de presença dos parlamentares em cada sessão?;Filtros de Pesquisa;Atende;
Atividade Finalísticas;20.7 Divulga lista sobre as votações nominais?;Disponibilidade;Atende;https://cmchaves.pa.gov.br/legislativo/sessoes
Atividade Finalísticas;20.7 Divulga lista sobre as votações nominais?;Atualidade;Atende;
Atividade Finalísticas;20.7 Divulga lista sobre as votações nominais?;Série Histórica;Atende;
Atividade Finalísticas;20.7 Divulga lista sobre as votações nominais?;Gravação de Relatórios;Atende;
Atividade Finalísticas;20.7 Divulga lista sobre as votações nominais?;Filtros de Pesquisa;Atende;
Atividade Finalísticas;20.8 Divulga o ato que aprecia as Contas do Chefe do Poder Executivo (Decreto) e o teor do julgamento (Ata ou Resumo da Sessão que aprovou ou rejeitou as contas)?;Disponibilidade;Atende;https://cmchaves.pa.gov.br/transparencia/documentos/julgamento-contas
Atividade Finalísticas;20.8 Divulga o ato que aprecia as Contas do Chefe do Poder Executivo (Decreto) e o teor do julgamento (Ata ou Resumo da Sessão que aprovou ou rejeitou as contas)?;Atualidade;Atende;
Atividade Finalísticas;20.8 Divulga o ato que aprecia as Contas do Chefe do Poder Executivo (Decreto) e o teor do julgamento (Ata ou Resumo da Sessão que aprovou ou rejeitou as contas)?;Série Histórica;Atende;
Atividade Finalísticas;20.8 Divulga o ato que aprecia as Contas do Chefe do Poder Executivo (Decreto) e o teor do julgamento (Ata ou Resumo da Sessão que aprovou ou rejeitou as contas)?;Filtros de Pesquisa;Atende;
Atividade Finalísticas;20.9 Há transmissão de sessões, audiências públicas, consultas públicas ou outras formas de participação popular via meios de comunicação como rádio, TV, internet, entre outros?;Disponibilidade;Atende;https://cmchaves.pa.gov.br/transparencia/transmissao
Atividade Finalísticas;20.10 Divulga a regulamentação e os valores relativos às cotas para exercício da atividade parlamentar/verba indenizatória?;Disponibilidade;Atende;https://cmchaves.pa.gov.br/transparencia/cotas-parlamentar
Atividade Finalísticas;20.10 Divulga a regulamentação e os valores relativos às cotas para exercício da atividade parlamentar/verba indenizatória?;Atualidade;Atende;
Atividade Finalísticas;20.10 Divulga a regulamentação e os valores relativos às cotas para exercício da atividade parlamentar/verba indenizatória?;Série Histórica;Atende;
Atividade Finalísticas;20.10 Divulga a regulamentação e os valores relativos às cotas para exercício da atividade parlamentar/verba indenizatória?;Gravação de Relatórios;Atende;
Atividade Finalísticas;20.10 Divulga a regulamentação e os valores relativos às cotas para exercício da atividade parlamentar/verba indenizatória?;Filtros de Pesquisa;Atende;
Atividade Finalísticas;20.11 Divulga dados sobre as atividades legislativas dos parlamentares?;Disponibilidade;Atende;https://cmchaves.pa.gov.br/parlamentares
Atividade Finalísticas;20.11 Divulga dados sobre as atividades legislativas dos parlamentares?;Atualidade;Atende;
Atividade Finalísticas;20.11 Divulga dados sobre as atividades legislativas dos parlamentares?;Série Histórica;Atende;
Atividade Finalísticas;20.11 Divulga dados sobre as atividades legislativas dos parlamentares?;Filtros de Pesquisa;Atende;
